"","Soil","Root","Rhizosphere","Sludge","Sand","mud","rhizome","sediment","nodule","Soil2","Root2","Rhizosphere2","Sludge2","Sand2","mud2","rhizome2","sediment2","nodule2","total_words"
"1","49.4214599287524","14.2317250417334","36.4005869682528","4.43497456160124","9.6720043289855","12.3516594196708","5.73659365052315","11.4265314370042","26.5897498393136","43.3216385685641","20.9153690841471","34.0122192924694","8.83583407995877","12.9605583566593","29.2323981330931","3.89517455005773","13.1342981948679","29.7529928725017","25.8386545735516"
"2","49.9283660054077","13.1594624394937","38.2020888605833","6.27231527220055","10.3676326612748","12.9866769322474","2.67790553521515","11.5774618691775","25.9449369958613","42.9157676814576","20.5600408804423","33.7960971766592","9.61906224063632","13.9168399949073","32.8673941809238","1.65362769138962","13.3596141830746","31.670137527194","26.4631791320901"
"3","50.8184955237201","11.7808369695355","38.2207737878335","4.82386477964701","9.5731812877168","12.2971165618705","1.71312465931032","12.2553718614694","25.6864752747622","43.2991732890012","19.4354437673334","32.3413295822158","6.37562395476539","14.2820648925869","32.4975745844277","1.19711759449929","14.5112079736372","31.7353269593086","23.7463101874755"
"4","53.3200291556477","13.1523302405205","37.6490790113827","5.1593572571725","10.836044046591","12.3104112171225","3.58769279530248","11.440892776179","26.2403938598193","42.3187799985934","21.1680250646624","34.0157576045919","10.5753726263913","13.1479266529654","33.5954494743821","3.51301679415301","14.1229453008294","31.5705853789136","21.1554463795387"
"5","50.8420283479294","12.2631832831522","36.6875228220181","8.27315975495722","8.83434959238014","11.0020651003009","1.22371548951862","10.9198438818233","25.203307550026","42.3035195843102","19.1501904238353","33.9280442494254","8.67272987969488","10.8368481451564","31.6890048280034","3.30652273439973","13.3440350438194","30.1864898560185","23.7208328993229"
"6","49.8135732489091","14.7794077390989","38.9258190566647","8.1372647118493","10.0165703932355","11.6114803963557","3.29957714188068","10.5293133458737","26.9227245502403","40.7945693076578","20.949399971409","32.4099347633817","8.96839981842893","12.1401973686612","33.1291447691732","3.92428431108285","13.4817036490341","32.2068985181487","24.1180706347159"
"7","49.6935770230029","13.3780376369523","40.5305063293658","6.00230414210615","8.87124994709066","11.126180988677","4.62696207118491","10.5055737823176","27.4814306267224","42.0469664756302","21.4451779505209","32.2054893001691","8.63365897345495","12.6442637788801","32.7972133909498","2.57425657803908","15.2166714055047","32.141432505448","20.9224740731954"
"8","50.4680973291373","13.2890422106463","36.36813511728","6.12483591372485","9.90826714776464","12.9601722225672","3.39368393861313","8.56899353162004","26.4710245640325","44.1033061283459","20.875924711736","34.0741083539479","7.12489318899893","12.8280272940407","31.8220137426384","0.926867062612961","9.71490812557575","29.9960991265475","23.335417454128"
"9","52.5022697937677","11.4510072825235","36.3796288435784","4.97111986406175","9.4171372739751","11.205906972297","4.09846821128138","11.0663048998479","25.0246945514529","43.2581984547057","21.2660020041028","32.9795668368381","7.24278968019013","11.2837247483687","29.5910833417619","2.15068644901884","13.6737939554217","31.5205596366229","24.978022208847"
"10","51.2667777701603","14.0741046208796","36.9028039512018","7.69940382839271","9.47952067623498","11.9025829348911","1.4174257258907","10.7208777250395","26.7957725692984","42.4449198491812","19.5202313027036","35.4828715235418","9.32108713353198","13.1244192522919","28.7377439062674","1.83748363712892","14.3554286349543","30.7445336010713","23.7478368400301"
"11","51.2589091278968","12.9819474902218","37.4823914255217","5.3520970311189","10.7227658679395","12.2469233512724","1.92211564498235","8.45583549099633","25.8425111356388","44.7031236145511","20.8739228749955","32.0248541873852","7.2309522950202","13.0275185861106","31.1143925638634","2.50361198300153","13.0115674458596","30.4042733612384","23.189490974402"
"12","50.7452907119999","13.5235978546876","38.225581899644","8.23252083069664","9.75415410772344","12.2129456317572","2.26861903116617","9.75627583336657","26.5730355443827","43.227066089284","19.3892208296474","32.7274094167851","7.76045503813552","13.4290955042934","30.962270406839","2.14803326076479","12.7904311648202","30.4539705350869","25.1093870483778"
"13","50.7221633488218","12.520642051086","38.0120157658623","6.46070211891184","9.01044998408804","11.4831216496164","3.57238937281438","10.4845006089649","25.4548666021686","42.8082734736846","17.8933285122329","34.0306146240891","7.91210847274959","13.3222976243867","34.9080022773043","2.52884168356783","13.0896215795443","32.1016350377973","22.5289287217896"
"14","53.8626282243844","11.8453233331544","38.0010207393852","6.63139413554902","10.5919443593632","13.2721349886641","3.74845668802736","9.01336393750491","27.8411691239248","41.8888870098095","20.2467655772387","35.1332525322729","7.55232407532104","12.7589978802491","29.1981332019269","4.6725294144247","12.239942895009","30.3144368514584","24.9778057542583"
"15","50.5665314312787","12.9289836817614","38.4113083517916","7.71274283864754","9.49892150079075","10.772528428482","3.37198083190712","9.48295516545094","27.8335573808574","44.3678620410534","19.4561606331092","32.1527060452688","8.23588778300125","14.6457766722338","31.4464229874543","2.19671805113766","12.4803993222494","31.0944184041977","25.7723704595879"
"16","50.1690133401668","12.6865338108287","36.6565181933202","4.96578436392014","11.507789706749","13.3721596748101","3.24804445778079","11.34890723794","26.2033428979393","43.0665266028434","19.7543243998839","33.1554291471899","6.7593269254067","12.4708566154215","32.450066688814","4.25061088304062","14.2699058739367","30.765116655776","24.7149872391869"
"17","53.109316320441","11.5963498793349","39.187330473001","5.12997270497719","11.1826555574367","10.7734210885838","2.67417358499431","12.0084730073425","25.5554524872037","44.2123024807106","19.3693160979612","34.7188930916205","6.52815002093989","12.5699645942675","31.648698908747","4.82105879143009","13.3761857992128","29.3381373249797","23.1473867976819"
"18","51.019792913271","11.9482950211858","37.5672790020836","4.17339299621544","11.8736147537967","12.8933127084828","2.60432939088266","11.8528171176154","27.0113113883459","42.4253113440007","18.9044210622899","32.3298809847397","6.28643101620898","15.0225873407496","32.7878661242356","2.34548076024843","17.8526324633628","31.3954324059275","26.0410376637169"
"19","50.3386993566953","12.7793964920489","38.9808193933754","6.48133015977244","8.70590549866835","12.2968084884324","4.06020027234507","9.91553020289221","24.8446338679867","45.8633552032194","18.7730773039213","34.7169548825744","7.36030885816413","13.5092162021414","32.740046999354","1.82806116377913","11.9785635222322","34.2556296028987","24.9754901136285"
"20","51.3986926349691","12.7436583232181","38.5958027158982","7.93113534823295","11.2417780562439","11.1835344401125","3.06789937878069","11.5581928467849","25.1835643543142","42.9651781363918","21.4069819400245","35.8788670711491","7.64430469779354","14.3447687530653","31.1059590745427","3.32891144743238","14.5105571801095","32.0363583243161","23.012847858409"
"21","50.1067052165177","10.141404229379","37.5176899095753","8.82709354190947","9.84840605349823","13.1782025169947","4.83023582779604","10.4973885961395","26.6604730184131","42.4755035192114","17.4601772565708","33.6303016146435","8.16502119895761","13.4903672539574","31.0114619282578","2.42645460595125","13.2637818348644","30.744084686015","22.4069624174765"
"22","50.6577424920888","12.7977054809587","38.0423667522391","5.80152747857025","10.0134078727413","11.8341011600227","1.37006592375619","10.5617558258834","25.375631815202","44.3488648654832","19.3664794464653","32.6929185850045","7.67726687436585","13.4706481684929","33.1747832839138","0.770217208757164","14.9968083988961","32.3980151368876","23.9892274654905"
"23","50.9938771725641","11.8895143700813","36.5146036346641","9.38123119833039","11.1113940349364","12.5835226426528","3.3686620510672","10.3303622903083","27.4511646763579","44.7586188132997","18.0382438214622","34.4998304020209","11.1491908428064","12.8692420128815","32.4305548401743","1.05305697165234","12.6866570587274","32.5154157368493","24.6793519181183"
"24","51.3166682603582","11.0487466411179","37.1252362458588","6.27197779314082","10.2993318620626","11.4790076823397","1.93828050174354","10.459102087176","26.361522808176","42.1047789069101","18.0582469543097","32.6994797401336","9.05242116296333","11.824488560297","30.7299655276192","1.63395613482078","11.831559212662","30.6301682267538","21.5171488545166"
"25","51.8405451015048","11.6825104062055","36.7410153724528","5.9376200236471","11.2584945678566","11.558985649228","3.9328100371293","12.4646006907741","27.026881550083","47.2715353567197","21.1651921313718","32.7024711349862","7.65168787300103","13.2567633864681","31.4644933238747","5.96926733352138","14.9746176806757","30.3928667148192","23.5086505425368"
"26","52.6350145047702","13.1997557901489","37.4539856002314","3.1184425245885","10.3441966469898","12.5222578519298","3.80863301805098","9.41704943660817","26.9720239440877","44.525046943476","19.9572834878724","34.3972381886396","7.10740143277829","13.1356262204542","30.3843862630806","1.56335309795595","12.3891400437396","30.2301395434561","23.2307363600077"
"27","52.9148401345649","13.4534012947847","37.3141251250879","5.07536278946447","10.5675183538345","12.7254684209379","0.384202442405057","10.081286672772","26.6294598707247","44.7656181503318","20.7235784732151","34.4803300351613","9.54056058739018","12.4472216826526","34.7921945997376","1.87027436144749","13.1156214092857","28.6026100995773","23.7244901407998"
"28","50.8556613085217","12.2146738791064","37.193271643627","7.27862154297348","11.4005361300459","11.9616395437906","1.62033891782549","10.6356915463668","25.831092295373","43.0300981494557","17.6249100590044","32.3064703374434","6.23895208490308","13.94319067237","30.1988928252784","2.59126954369063","12.7146217606903","30.5098431956802","23.1673520506014"
"29","51.2764707324043","13.1526208985855","36.2843275246049","4.75076846339273","8.85255225737838","12.3990835457101","1.96978752394027","10.7101315030945","25.2441882151655","43.8872623900759","18.4959888678373","33.2279748388418","7.60878730931521","13.8085286846751","31.7199995156776","1.01588607589843","12.7741359201264","32.1354078995951","23.0244585405416"
"30","51.6538678846382","13.3772027289529","38.152453380256","7.60673213137732","9.9444406384358","11.0649877078578","4.38544434280178","10.5043028366852","26.4969357473743","44.6248002895465","20.5196789123043","31.9488716330868","7.67728374053197","13.4445752934531","29.6555281615935","4.61320333738339","13.8747515496181","30.3934582065821","22.753919692241"
"31","54.7579081335008","14.2985207931508","36.2425111880994","4.95222961643985","10.6358506348641","12.6258690063895","4.34446367414923","10.0982427784524","26.107177605065","44.6460493078945","18.9988147495374","33.7828620608919","6.92429529923867","12.9272547174914","32.9478266337626","3.29563631564287","12.3366892412524","31.0094097929171","19.7733832746484"
"32","50.8268047403152","11.759045881949","37.5892572114447","6.27177859961125","10.6574946002616","9.9326256011533","2.93640862314394","10.150716410148","25.4934928370331","43.586910180394","18.9427244146671","31.9815780623984","6.39475948621981","14.143520125922","32.4950268625047","2.26359196869798","13.1392657832213","32.5240146831896","22.1794892778631"
"33","54.0070963496668","12.7217755247747","36.6748906265113","5.40288179461901","8.88097224734528","13.3663480164229","-Inf","11.8819632248271","26.5777996729391","42.2243263200052","22.6895184629956","31.7807394743784","8.15687662939191","11.4694093047325","31.1198057292727","3.79712230031388","14.6673014730004","31.2271584042854","21.9724739272399"
"34","50.7382154646584","11.8206926292601","39.3537901073444","6.19402756345906","10.9417242969132","10.8989708205838","-Inf","9.04489770618093","26.8753807423018","43.4231184872921","19.1535284562552","31.8911995998854","9.47877083664322","14.7047458235592","27.9757614402621","3.04254789744741","11.6806676441819","30.1534591251414","23.0831310328027"
"35","52.6154846657969","12.6869300449257","38.8999055343621","6.46889676598607","10.4761263090848","11.008617975511","-Inf","14.0290280094621","25.7290804224155","43.1651431096895","18.7067820139455","33.1638323320915","11.1490201475449","14.519131996881","33.6973310559877","2.64546799009124","14.8365551875824","32.0075246161673","24.7987765219115"
"36","54.0958540641166","11.977228124374","38.7829692443835","6.75636117973956","9.36470409505079","13.0896043593035","-Inf","8.81024792835001","26.1519958320025","43.5225667277683","21.6778857347394","34.7298823787475","8.2244968761738","12.624594495926","33.1611823727396","4.75015529551054","11.1136455594472","30.3561340281418","21.8838192478871"
"37","49.0135742055487","11.2280656468342","39.4407184386562","6.70131452610477","10.7790309415757","12.9265581185109","-Inf","10.3871094613207","26.6772009194935","45.5757972117692","18.4441803730107","32.102732446642","7.65343086226644","13.5689300919715","32.5977387882838","-Inf","12.7822975199466","30.0450769975141","24.2617972606344"
"38","52.8906982472602","10.6673572575734","38.0989872410348","4.47442638552717","9.25365967681655","13.8293003155951","-Inf","10.255885462529","27.0575079329532","43.5660168919478","19.1585118106918","33.8644729712134","7.81369132654662","12.851878006588","35.3137204665099","-Inf","13.4673322015879","30.3628162806423","22.0104685487711"
"39","52.7611371479775","12.1200996844587","38.0665839357523","4.25377771475013","10.0433470856398","12.5518299246549","-Inf","9.09023251984758","26.6444810374073","44.9381368025673","20.9118079285523","33.1503286082748","8.49649270240628","11.6919219452023","31.6940231877534","-Inf","11.6388201421793","29.4627928033012","23.8745265070875"
"40","53.0133882637505","12.2343339860007","39.8145331815543","7.95334874563081","9.51299472132851","12.0189977803328","-Inf","10.3694615668094","25.1112071404744","44.4586468970249","21.878174095678","32.9663219954607","7.02718487788259","13.1617864248502","31.1646212736583","-Inf","11.7428492060869","30.0931861752837","22.7990501752251"
"41","53.0444194875843","11.7553553469588","38.3549315282294","5.29990673844072","11.1946229903735","11.1789268359935","-Inf","10.3505180095573","26.6063074129697","42.6948709696727","19.4030239001488","32.6755108461158","7.64355749547465","12.9254948593842","33.5565532129176","-Inf","12.0322787872884","29.8480875897574","22.7379600310384"
"42","52.1274479220432","12.6646456791528","35.0659545064585","4.4055971806982","10.3927420771043","12.1001148234575","-Inf","8.89270706094013","25.7951251226633","43.8981578861404","21.0942400110857","34.5745491136565","8.41435206605241","12.3351035164971","32.4899738334435","-Inf","12.7939312088138","31.4838317081536","22.7615083677682"
"43","51.6502372120281","12.2988861395391","37.79467360417","4.69192111741716","9.63968490864642","11.4181363650677","-Inf","10.0357168975098","25.4189154238714","42.3208251074028","20.3410811573233","33.1879708378187","5.29176294614845","11.9492237689933","32.7409551693049","-Inf","11.5191807133208","31.4913533088374","23.219290540471"
"44","51.4742502057353","12.5705736469531","38.0667824606816","4.84470294721169","9.89773006974937","14.1791184783486","-Inf","11.1267456916143","26.2789602116556","44.2849987680958","20.9737392381618","32.3649593260415","5.42601887169508","12.085948662676","33.1240674991419","-Inf","14.6229717476405","31.0733697790743","24.1067403479698"
"45","51.2186274870838","13.1476052307391","40.2333144113457","5.95994454599478","9.91955602887499","11.337615759508","-Inf","11.1886410034164","26.8051651389691","44.38769185432","19.6997156383472","35.6475262285789","7.86959019926178","12.4167005773772","32.0225532524141","-Inf","11.4613234862071","29.6132908805554","22.6087866841022"
"46","51.8332216733853","12.5855306757763","37.1502597055398","6.60740742499652","9.79610223956898","12.333181391254","-Inf","9.83476628391547","25.1186477045031","45.0619629770921","18.411469749353","33.6833698656337","9.45885758227363","12.7347789618458","34.0157872792734","-Inf","13.7538878748805","30.940834691159","24.4204464933157"
"47","52.0041984214976","13.3129449521021","37.5892914042409","5.75822157322129","8.30834315685433","12.0486930636895","-Inf","10.4566819197838","25.3359178867309","44.613713996856","19.7581728047425","32.4022699276804","6.01486450601198","10.2943732525802","32.1207360454357","-Inf","11.5695630205763","33.0329559743617","25.5433616359814"
"48","49.7008247912406","12.5353014188347","38.9147129286593","6.06827223424548","9.67247457943766","11.0136214562507","-Inf","9.82683183136692","26.3345887333171","43.3164631021083","18.1008864257799","34.5260590120956","9.08338388858726","14.7601964911035","28.48995055872","-Inf","12.0855940857537","31.1462710201107","23.4833470024624"
"49","51.8392439850288","12.7820041421151","37.9804145847929","8.17489176219068","9.21399908915308","9.00492760891755","-Inf","11.342397670404","26.1274487310321","43.5812475232926","18.6474309446817","34.2023360461705","7.84301273734371","11.82937905577","30.7492445322077","-Inf","10.9847805439531","31.352727997297","23.8160713056409"
"50","52.7897205862334","11.7478018895824","36.9391122222933","4.08184697563576","8.83948609649602","11.9525481392326","-Inf","10.7232484418299","25.7752039428174","44.4024969221738","20.344918722255","34.3927895777363","6.29731651862865","11.1577010096755","29.9501106874818","-Inf","11.2376870066419","32.3628633587525","21.9362352509231"
"51","51.8126441588706","11.6167558859266","37.3499325887944","3.83028557011854","10.1235868099136","12.8029651257632","-Inf","9.88048389110994","27.1758309980664","41.6280574810658","16.6538423302859","31.7931811977262","6.84782187732022","12.2931871630703","33.8955514093759","-Inf","12.5197336431075","30.3998423764997","24.8409668911066"
"52","53.59640960227","12.333908521244","38.2550198565107","3.9470534506719","9.36142915021832","12.8766695615467","-Inf","10.8447887448755","25.9073521782548","44.215224016244","18.6775703218616","34.8698491613547","4.99896304075152","14.3879052238292","33.7020207656902","-Inf","10.3113755353433","30.7358131587764","24.6497896761641"
"53","50.7284020325826","13.3833901991269","37.2113363798041","7.56105224386953","9.73615666870945","12.7647326211554","-Inf","11.996119801683","26.2129862792977","42.0391756052818","19.4714656555891","32.8570255427197","9.75584018340023","12.0063771264226","31.5503085508907","-Inf","12.4809754220244","32.9344037846857","23.4775251615946"
"54","51.9952218339303","15.3294529884948","38.7012815175307","6.71320482383832","11.8853163692233","11.8856525574721","-Inf","9.0378308309455","26.6344262695689","45.3071464617206","20.3645450437193","31.7813952460291","9.51035164588782","12.5036283838498","30.2217481421258","-Inf","12.4481431453175","29.7757926486186","24.5935300826407"
"55","49.6735197737793","12.7929925298671","36.3024059836353","7.02054452309417","9.97886908997434","10.1294951762073","-Inf","8.55826870633702","25.5586158946592","43.2929848359064","18.5823008127149","33.1341225533966","7.21895832795771","15.794732508051","30.7961197591214","-Inf","10.4730723099479","30.2663922849883","22.3787933843355"
"56","53.1880137067388","12.2716633849687","37.4148935379808","6.82868407740675","10.3876639310746","11.3865985128866","-Inf","10.745796998246","25.4086537607666","40.6107790952164","18.86567214077","34.6477548794058","9.12020595772619","14.3077271185017","34.2912693990098","-Inf","11.1243082731245","32.396999655725","24.1977522652565"
"57","52.0885070071431","11.0174855527889","36.1174754719582","8.52217627278133","12.041028288701","10.4072068179392","-Inf","11.3667329068932","26.0602223272977","41.9455795486795","17.6838300103743","34.933258989865","7.76016160021377","13.0855411015736","32.3799939080416","-Inf","14.5431984992394","31.725195832455","22.4039121025525"
"58","51.3730390886396","10.4136907346181","38.4771873899173","6.00932652176489","9.59602111124385","11.9780781204941","-Inf","12.1525829080452","26.3979772772614","41.1301653449787","20.4136335108147","32.7395032317746","9.49903225579142","12.1820810582975","29.703429007052","-Inf","14.1504748087229","30.9739096973124","20.355752999431"
"59","51.1190314657957","11.7705076354086","38.23051730097","6.62925163877386","9.34272680890449","12.9393806407431","-Inf","10.5188817065058","26.4620513300336","43.2041728450709","20.7505626403919","33.9375134358227","7.90530049712079","13.5485605346516","32.0422339561188","-Inf","14.7860103358699","31.9991853274052","24.4065056126865"
"60","52.6134228451782","12.2874089971017","38.5958914951281","5.70031084527157","10.1892122766318","9.21639774762902","-Inf","9.17786326351246","25.5111515824908","45.0512204622691","18.2751406225102","30.7625236264059","6.69189753400624","13.9093634111953","31.4298064434574","-Inf","11.9342072958357","32.3954736943524","21.3627802140081"
"61","50.9431701991215","13.0986819795833","37.2947880390058","6.22699305288404","10.9853595924882","11.6913237265075","-Inf","10.4443515124716","25.481785045983","43.1952600361887","18.578396084259","32.6037635678608","8.16202837280182","13.618212965084","30.6175472982185","-Inf","14.985135539998","31.1204143555159","22.1428421394138"
"62","51.9444401658786","12.5141859645114","35.9356903644175","5.87422850611064","11.434451138792","12.3238999644931","-Inf","9.67801851664772","26.9239899862523","45.2643515033268","19.8734095711255","33.9846168382528","7.26571060301555","12.8018554290786","32.377275372184","-Inf","13.8707439829901","31.6613792796561","24.2999529474753"
"63","52.5115284620566","14.2161669053346","38.3712075775136","5.98524312870993","9.72270143927856","11.6696598378117","-Inf","11.7843253749831","26.3158988565011","44.9092157976638","20.6242662154597","32.8074762732656","6.72924430877855","13.7814314431326","30.5174651590673","-Inf","12.0067341901949","31.3629561708337","23.9570508072211"
"64","53.1498845215888","12.819556001217","38.6671449104825","6.19630042599524","9.81604970796789","13.0654049094986","-Inf","10.3243873421164","27.134759554397","43.8869461880028","20.0144495627144","34.3185458750901","7.89840613044575","12.8501244724654","34.1064027701864","-Inf","12.4166414535313","33.2323227630639","23.4048780475454"
"65","51.2081386150335","8.61448464669723","39.1857907424496","7.87562610983516","8.37991876268143","12.9050282738531","-Inf","7.9498021608852","24.6679516444151","43.4951593893697","16.2643563589098","31.7597303743046","8.24336325629564","11.7793286647934","32.2266333663365","-Inf","11.0755080774302","31.5012353115835","21.6900732061616"
"66","52.3593748336544","13.0473488582869","38.5286644617668","6.11930118526203","11.7570116588721","11.1512150869775","-Inf","12.2563622677535","25.9801151355519","43.2200665850673","19.6069530892832","36.8033139147462","7.58731441242953","14.0052101451804","26.5205053679546","-Inf","13.1006088214219","31.2311992953095","21.2932460089972"
"67","53.3693807916418","12.4171724905285","36.3957874692441","7.43625797390508","10.1333030861479","13.0310063066551","-Inf","9.41436324396324","26.0245940751985","46.6268066144613","19.7514844322343","32.5641643308295","6.41093434941562","13.5106245596104","31.7462353546711","-Inf","12.1437980123199","29.3163682904011","24.797594429239"
"68","52.6831086934624","12.0036257499219","38.2122367101163","5.78936073874288","12.2468283150642","11.0446668463764","-Inf","11.7626529754106","26.639405585335","41.4928597714944","18.8142597252053","33.8413042338286","6.48949444742971","14.3804089791548","30.4309847349058","-Inf","12.5431641528229","31.4996690833638","22.4759519920009"
"69","51.6937603483721","10.6887625516227","39.5654238480209","6.01092837893007","9.49038812134966","12.6620537054104","-Inf","11.2285405407431","26.1364739451729","40.9954952873925","16.9191234917938","36.0757690556467","10.2475424987747","13.3271068693661","31.6685668219415","-Inf","13.2934207227821","31.0592246403138","20.7835848809279"
"70","52.1206059091952","10.5428976147092","38.3681631208119","5.16707402581219","9.77003969767631","13.6166971462417","-Inf","11.0683899169877","26.6112373370072","44.3625576356702","18.5159113020906","31.8654601724681","6.79591120873048","13.0374623327394","31.3645981898861","-Inf","13.6837871563757","30.0417559454806","23.6329056999812"
"71","51.4237039733392","12.6001221725433","37.2868320494724","9.39794852225724","10.0490415623197","11.0291878349644","-Inf","12.4611880433549","24.0696340156133","43.7105453694876","21.6254398819985","32.8493904530293","8.51678260409135","12.4847492975555","29.5662358154286","-Inf","12.8057350681567","32.5323270953013","21.1118996780853"
"72","53.5984853918273","13.8111415769499","37.5435165545824","6.17757922204719","10.6505232433017","12.0819707098579","-Inf","10.4636020024149","25.7447953996933","47.1547984221428","16.7895442799978","33.8553866021507","10.5591850855445","14.6138180368078","33.7821008132611","-Inf","13.0499556312803","29.5856179233063","24.6803509064535"
"73","49.5331518365678","12.3690953555417","37.3735730011899","5.82704510068184","9.76020768428621","12.8067717569406","-Inf","9.61125324359177","26.0127906540233","43.359927685633","20.7011920241486","32.668231679335","5.80549296621323","12.8659025688155","31.2185390704291","-Inf","11.2493250033951","31.6657595332129","24.3489397900912"
"74","51.3073528563774","13.0945935716796","36.7017856929117","5.35141983125381","9.43365064853231","9.78201899846513","-Inf","12.8613298050888","26.0870582518319","42.8829556806785","19.6614746847635","34.6871677537399","6.45706891472241","14.5421387988889","29.7402772197652","-Inf","14.2313060340825","31.8352282205371","22.4686121315932"
"75","50.2866616971897","14.7248961313607","38.8446273670486","8.00292124799537","9.56852500360021","13.1719160233571","-Inf","11.6075024929239","25.1682012612","43.2113726220782","21.3406097707548","32.3091927310355","8.65513537294185","11.5802035826013","33.898826912747","-Inf","13.3612044373056","32.2474435555998","21.0820329369914"
"76","49.9661966934922","13.5755943324875","39.0943889545348","7.68305662225412","11.6628975394841","12.1020105346291","-Inf","10.1700876521913","24.8933262029749","45.3538534079153","19.7057302827807","33.985033107591","8.66165715131552","15.0242137392971","29.6763435078063","-Inf","10.0341626228393","29.9756884075044","22.8436776722602"
"77","49.9127095070541","12.4553035635617","36.1172583018625","4.33808389190221","11.514317226586","12.740986618029","-Inf","9.05964502910038","26.2538088713443","44.0300106992986","20.8381873812051","35.0320761568564","7.29902831790559","13.6936419677203","30.8795554839452","-Inf","13.3852648276113","33.1154403217656","23.3611044916158"
"78","51.8887548854294","11.7450001697764","37.1147596988328","3.64618343264009","9.43150901400331","12.3620154834676","-Inf","12.7392494482377","26.0083721390886","43.7333341462638","18.4075764200877","34.4142856230719","7.08605134188228","13.1512067438537","32.4861368374347","-Inf","14.5083787324107","32.1445007908121","24.2787308285513"
"79","51.4228328471483","12.3246877715381","36.9735534079853","6.24699740349166","9.70148697927077","11.594585153421","-Inf","11.6081997015795","27.7393417068623","43.7248860728366","20.9173542665341","33.4671108626028","5.74528914814293","13.4086992094572","30.6167919189104","-Inf","13.1700521055115","29.1142370730281","23.85987724804"
"80","48.9038482067706","12.4508346498623","39.0710328187311","7.3567658524072","9.87466491603116","10.5269335772637","-Inf","10.097187490357","25.8046435023647","44.1771642393098","17.681516685351","32.4291057039033","8.34127738010817","12.078504292453","31.387063203027","-Inf","13.3967223049761","29.6556905592442","22.498602999134"
"81","51.311032592725","11.2036576643266","40.6963301637705","5.34009304593414","9.10536640283306","11.530947764032","-Inf","10.8034695513884","23.4955362008377","42.5941638272009","21.7780504760065","32.2109617041921","7.06187603368999","11.0603983477135","30.9026501469672","-Inf","11.2561425361534","32.6574876164663","21.5609255624824"
"82","50.8372522056322","12.0559901910171","38.8013391376124","3.95514633179456","10.8249158198221","11.4128653231982","-Inf","11.1574509964316","26.0470647184289","44.276011796384","21.8414089477411","32.8178004023448","6.0904650832769","15.2571652842817","29.6340777475308","-Inf","13.0816147742826","31.5573338789319","22.5073234092537"
"83","51.8269708386712","13.7223209243909","38.3518261621576","6.08356007724356","10.6430096294816","12.5673921775579","-Inf","13.3423457793958","24.9073299680693","44.118642686888","21.7853026647475","32.1596622606549","7.42927943842272","14.8435406927677","35.5311383535687","-Inf","14.4018204015972","32.1334393420023","23.4747016878704"
"84","51.4885292825161","12.8226119225256","39.3463125021571","6.78405067545583","10.4007699715201","13.8682268265722","-Inf","9.83866778316291","28.5837671334923","44.4602721096276","21.9517146787604","33.3959534379785","6.9213981338807","13.0779641249153","33.5432953102724","-Inf","12.0384383714486","29.5124452734621","22.8115279440272"
"85","52.5197307106443","14.0892857162509","38.082919042664","6.06142452877594","9.72244304163883","10.9595695254956","-Inf","10.4893452566129","24.7665404234893","43.1430958079056","19.8744015278699","32.5810750317796","8.93508080560257","12.7338451812929","29.3321644858489","-Inf","12.3557317793555","33.043980129286","23.5152921872236"
"86","51.0252622275889","12.4243875254738","36.4721918842929","6.75824169854567","8.75312061066015","12.7549850034098","-Inf","11.966565071045","25.4420703803573","45.7999032911457","18.8966481493024","33.4381844512598","6.10188000090644","13.2315933765964","33.9975532754513","-Inf","13.0208162909063","31.6565126824309","23.8038559478752"
"87","52.7848526949701","13.515292522708","38.5975583761232","7.77190877035183","8.42027347527633","11.116706299041","-Inf","11.4414093677575","25.2817488104887","42.8325203706206","17.3331970922669","33.0514844150145","9.90876550401485","12.0637184827347","34.7807600094785","-Inf","13.1753168584982","31.4945304172268","23.2294872415101"
"88","52.4645700176595","12.3288874716835","38.3126832835812","5.54282728144943","10.5360558917097","12.6619424562606","-Inf","10.0300339853754","26.9582272836022","41.9426016100303","20.9458053358525","33.410678897334","7.93654759279775","11.4806125467767","32.74367909013","-Inf","12.2837320220372","29.5122250241392","23.2592714112263"
"89","52.8854625283892","14.9708473601364","39.0447231894604","6.43665961822586","9.8076786455308","12.3172198825247","-Inf","9.94256685751381","26.1036865937077","44.425248629","21.627509391994","32.4645191371978","6.90815582993906","12.1672884671143","33.820648102863","-Inf","11.4371088029701","31.3598067962497","23.2977649093523"
"90","51.8693263273606","11.2289256776326","37.6164639035589","5.90420266746074","11.5714647553121","10.8226707095222","-Inf","9.98567255424098","26.6228296456823","43.791609826044","20.6602920901832","33.9867714869402","6.02036181066916","13.4445477949085","31.6980860427875","-Inf","14.1820455555778","28.705236459994","23.8286500724192"
"91","52.5801116728874","10.5058014415979","38.1202628911014","5.90483528644404","9.47410264305374","11.9249222477225","-Inf","10.2243707218036","27.5793017298541","46.4863014764109","18.906270291537","32.329044775943","7.18748333612252","13.8809354056428","31.4845982428388","-Inf","13.9935424610578","29.703203431749","22.1897571089056"
"92","50.7563487269835","9.78929003903129","38.9885494983989","4.98504410575881","10.3108135954992","12.1406917215271","-Inf","9.36115150239484","26.5886368167282","42.6237355572591","17.0084131732271","32.2744336356893","4.64790162335787","13.2444780515915","32.7808876709026","-Inf","11.2124944102532","30.8096624776725","20.9760990171365"
"93","51.8148864762086","14.7207100402755","37.689902029028","4.76523168004547","8.6227444687833","12.0681494992762","-Inf","12.1569253530126","25.7348987061887","45.1772334087843","20.097542687144","33.4868948514411","5.78661107398625","11.4413301794611","31.1788281913375","-Inf","14.441878994359","31.7037050490054","26.5532849591996"
"94","50.7072975173582","12.8316940908552","38.7775408676796","6.36840338343811","8.87447671616576","10.2812957413704","-Inf","10.8402763987888","25.2359957765066","43.7913253334088","19.6086263616995","32.8011185410249","6.0753185960952","12.292950986673","31.4350695690311","-Inf","13.8509526783336","31.6602282501342","22.3353320828592"
"95","50.811388428212","14.0566154885623","36.1080078040392","6.286620575262","11.68419430812","10.3454949681535","-Inf","10.9008376345443","25.4299761195192","44.3694890109584","22.4573331428196","33.910714823898","7.80062416853687","14.4756726185497","31.6131090129659","-Inf","14.7662587386956","31.1151455640237","21.270554923133"
"96","52.7638558425688","12.5193848885413","37.0214556608338","5.30343131282922","10.4352166013363","11.7132771680837","-Inf","9.62951761727679","26.0387552580893","40.7512524339547","17.982039317722","32.7060822390325","6.97703395658125","13.5311910006737","29.6321874637582","-Inf","11.2494418953617","32.7329791228998","20.1603379306995"
"97","50.2812254163906","11.9574445851991","36.8938602221618","3.94759757732257","9.88675751858815","12.1670753294565","-Inf","8.83395760273002","25.7582483842702","44.0314120517035","17.9789303747909","33.8443438712376","6.06759051088746","12.8326430228264","30.6852872401527","-Inf","11.8182471905367","30.6621026624142","20.9265555810387"
"98","48.9955331280479","12.7429015771272","37.5749664821886","3.96517024835573","10.5366432720415","11.5824860600172","-Inf","9.67887847593338","27.6983560126444","43.5750991314516","19.8947984993119","32.1402606477455","6.68332594827402","12.5273057955534","32.4450515482151","-Inf","11.5018359925362","29.3717689004233","21.322149081616"
"99","54.8903814769374","11.6036958248587","40.3276251493756","4.67802493083742","11.0802258913984","11.4127360983145","-Inf","8.94493364249212","26.9892161609098","44.9002068968205","18.861327956764","30.2976883859599","7.06552972696695","12.819588897392","30.9818257347984","-Inf","12.0046757880641","32.1676549404811","22.7966124596697"
"100","51.3179401037941","13.1038413861617","38.301952942443","7.76721732687591","9.36508301541846","10.5469136266788","-Inf","10.2857181473268","24.8637409518398","41.4278865543364","20.5859173201026","35.2051515995977","8.83743268819814","12.2653328290432","29.2023009032879","-Inf","14.5221437860223","32.5182987468866","24.0024042052831"
"101","51.4992988957078","11.2653435762459","36.0519977985881","5.73506149524437","10.7633268393787","14.0970217525658","-Inf","10.154802145103","27.1844964103643","42.5479732237858","19.3254314675662","33.6637887325644","6.58332293499006","13.3531432768145","33.4925643632968","-Inf","11.4487194863256","32.1244524927586","24.57604421543"
"102","48.6406831596868","12.6359876863148","39.6010816048002","6.70794575409835","11.3262804795043","11.5819201149999","-Inf","13.224162431883","25.6730121589202","44.0513571919244","21.1115933348004","32.9849794282898","6.91479338127479","13.3796055965471","30.0201974329018","-Inf","13.3730536415684","31.0814105607489","23.2093428116244"
"103","52.864838853407","13.4187426958574","38.8087928666315","5.01138701416153","9.95820630994062","10.6492607342677","-Inf","10.4032909858341","25.8180112521603","47.600739256832","21.9418703516461","33.2403692142631","4.12704863744523","14.0182496098788","32.9892315262103","-Inf","13.8294665401039","32.864715805609","23.667715085195"
"104","50.568394338219","12.489864616559","36.5941428697757","7.44764882227127","7.9650616100002","10.7733860955607","-Inf","9.95748425914398","25.950744672451","43.7212539280449","16.9806403630543","33.3217404188012","7.39536465567377","11.3053207507692","31.3904548327428","-Inf","9.74816912137402","29.3679704172598","21.3413725903425"
"105","53.9859881355735","14.4823080988461","38.3283986446705","4.54648200484902","9.94672222826471","11.4389801576945","-Inf","10.7663193144858","25.3810820192836","43.8043514291183","23.8207041082191","31.8807435911719","6.7014865740081","11.6851045066412","33.2258927116591","-Inf","13.132788023474","32.3780418765992","24.2574960798829"
"106","52.6554084244601","12.8601086534328","37.7380984692537","6.10087367628809","9.6111886850894","12.2561898157695","-Inf","11.5174458854896","25.724889539098","43.6011226317618","18.1629448429954","34.1164146070255","4.31639404107321","12.1034810556104","31.6278629086579","-Inf","12.2650079695136","31.4253643869343","20.7705758871409"
"107","50.8431897136385","12.2269849889921","36.6512336481132","7.23612923927964","9.30596857184452","10.6463462473641","-Inf","9.7847675881366","24.18671250003","44.2067989476912","19.5766042579711","34.2342247370248","8.49108103406144","11.3744389754178","29.1350365808898","-Inf","14.1277767826895","32.6530910260865","22.1491839059407"
"108","52.8426972222749","12.9788013937325","39.1019037731568","4.90587605011423","10.7537679214365","12.5561166567736","-Inf","9.10735893231183","25.9356089308964","43.3391251834469","20.0872477792455","32.8761872190078","10.0133413992644","13.1596825098193","31.3972711544779","-Inf","11.181628503472","31.5292281876513","22.8319721824959"
"109","51.9869657727819","13.1738587647181","39.4597781688249","6.32268130604451","12.4537075695037","11.6984080883946","-Inf","12.0768438976207","26.1418744490291","44.5560201918186","23.3320709843368","32.3865822186906","5.39395719684413","12.8217626732706","32.242195315841","-Inf","12.4405979609161","30.3093476320718","22.6736128240033"
"110","53.1044397479994","14.5370655334068","37.2613858327092","4.52475801462802","10.3959696071381","11.8571748392089","-Inf","10.0812132513751","24.0774514604084","43.5253798886476","21.2975053485449","33.0297560451835","9.53835056862572","12.4552492426478","31.1652398950361","-Inf","14.0911875293314","32.0716932468837","21.662002396888"
"111","49.6632367830749","12.2728701081859","38.6248259951962","6.01865225995899","10.0501909237343","10.9301718656117","-Inf","10.3776460461564","25.96081346577","44.7849777490483","19.1518354241367","32.8313371047109","5.34704418112079","13.9836196368196","33.1468330381568","-Inf","14.8174966985522","30.1237874974252","22.6575539458469"
"112","50.408988713427","12.4544521463844","37.5325070905825","7.65574856132195","10.0776941459121","11.9471035614395","-Inf","12.8587101901858","26.1096243460115","44.2050861129541","20.0427185386118","33.9086704097979","6.69178963351891","11.8705820893482","32.3272778027379","-Inf","14.5059288696778","31.7055372756806","23.0834698440089"
"113","53.8733762817013","13.4203615351087","39.4026048154905","4.12025859315587","11.5688978874713","11.8481164629534","-Inf","9.06334456469658","26.0613074366608","41.3713704841945","21.2569895301655","33.1676420785034","5.89526875339173","15.4279949903281","31.6939017591762","-Inf","12.6914432816177","31.1292128508036","22.0914338916285"
"114","49.3474941652115","12.7021722754103","38.8327430209178","5.96258275770283","10.0402777076021","11.6203725490774","-Inf","13.0050512748589","25.633963280476","45.5672225847237","19.8195103410484","32.1372800715969","8.45023433531432","15.2477219643254","31.4722414063287","-Inf","14.7555281017966","32.9519994679866","23.144062589579"
"115","53.0715678829084","11.9242957420134","38.9601617533694","6.25409918152013","9.95435222438018","11.9010443514468","-Inf","10.977141482635","26.5585924806379","43.6710626789151","20.7157304371494","33.0988122140636","9.35101537337748","10.6923354393211","31.2371228082565","-Inf","16.5851475096466","30.6948602074755","22.9010264132666"
"116","52.5240364288389","12.7522744974679","36.9918034070635","6.9746536711803","11.1852953061616","12.1293007806965","-Inf","10.1715658980981","26.1755561000359","43.6903602357393","20.6861666590984","34.2568996757189","9.40765782884307","14.406352482255","34.1891176957842","-Inf","12.5587481517725","31.626229721074","22.3380545489238"
"cazy_boruta$finalDecision","Confirmed","Confirmed","Confirmed","Confirmed","Confirmed","Confirmed","Rejected","Confirmed","Confirmed","Confirmed","Confirmed","Confirmed","Confirmed","Confirmed","Confirmed","Rejected","Confirmed","Confirmed","Confirmed"
